{
    "target": "borealis",
    "finished_at": "2022-05-20T14:39:55.427230+00:00",
    "loop_phases": [
        -0.8016247244216821,
        0.11647506116322148,
        1.9908731745626262
    ],
    "schmidt_number": 1.2048702469808048,
    "common_efficiency": 0.28637185773330986,
    "loop_efficiencies": [
        0.912990661605178,
        0.8884850983756296,
        0.8309539847276916
    ],
    "squeezing_parameters": {
        "low": [
            0.7786751552183998
        ],
        "high": [
            1.085022337447076
        ],
        "medium": [
            0.9219991054023537
        ]
    },
    "squeezing_parameters_mean": {
        "low": 0.7786751552183998,
        "high": 1.085022337447076,
        "medium": 0.9219991054023537
    },
    "relative_channel_efficiencies": [
        0.8337685694834339,
        0.9502837352990383,
        0.9350465796422239,
        0.8923019904146605,
        0.9023747984695558,
        0.8375036782315208,
        0.7393497664380474,
        1.0,
        0.9261776551893263,
        0.9832683882493316,
        0.8448983082493712,
        0.9092511256892802,
        0.881278836826836,
        0.9495781152771632,
        0.9629661142766427,
        0.8484954217601524
    ]
}
