{
    "target": "borealis",
    "expected_uptime": {},
    "layout": "name template_borealis\nversion 1.0\ntarget borealis (shots=100000)\ntype tdm (temporal_modes=259, copies=1)\n\nfloat array p0[1, 259] =\n    {s}\nfloat array p1[1, 259] =\n    {r0}\nfloat array p2[1, 259] =\n    {bs0}\nfloat array p3[1, 259] =\n    {loop0_phase}\nfloat array p4[1, 259] =\n    {r1}\nfloat array p5[1, 259] =\n    {bs1}\nfloat array p6[1, 259] =\n    {loop1_phase}\nfloat array p7[1, 259] =\n    {r2}\nfloat array p8[1, 259] =\n    {bs2}\nfloat array p9[1, 259] =\n    {loop2_phase}\n\n\nSgate({s}, 0.0) | 43\nRgate({r0}) | 43\nBSgate({bs0}, 1.5707963267948966) | [42, 43]\nRgate({loop0_phase}) | 43\nRgate({r1}) | 42\nBSgate({bs1}, 1.5707963267948966) | [36, 42]\nRgate({loop1_phase}) | 42\nRgate({r2}) | 36\nBSgate({bs2}, 1.5707963267948966) | [0, 36]\nRgate({loop2_phase}) | 36\nMeasureFock() | 0",
    "modes": {
        "temporal_max": 331,
        "concurrent": 44,
        "spatial": 1
    },
    "supported_languages": [
        "blackbird:1.0"
    ],
    "compiler": [
        "borealis"
    ],
    "compiler_default": "borealis",
    "gate_parameters": {
        "s": [
            0,
            0.2323,
            0.55455,
            1.1
        ],
        "r0": [
            [
                -1.5707963267948966,
                1.5707963267948966
            ]
        ],
        "bs0": [
            [
                0,
                1.5707963267948966
            ]
        ],
        "loop0_phase": [
            4.324234
        ],
        "r1": [
            [
                -1.5707963267948966,
                1.5707963267948966
            ]
        ],
        "bs1": [
            [
                0,
                1.5707963267948966
            ]
        ],
        "loop1_phase": [
            2.3332
        ],
        "r2": [
            [
                -1.5707963267948966,
                1.5707963267948966
            ]
        ],
        "bs2": [
            [
                0,
                1.5707963267948966
            ]
        ],
        "loop2_phase": [
            1.094342
        ]
    }
}
